C++	GAST
ADDR_LABEL_EXPR	Unknown
ANNOTATE_ATTR	Unknown
ARRAY_SUBSCRIPT_EXPR	Unknown
ASM_STMT	Unknown
BINARY_OPERATOR	BinaryOperator
BLOCK_EXPR	Unknown
BREAK_STMT	Break
CALL_EXPR	FunctionCallExpression
CASE_STMT	Case
CHARACTER_LITERAL	Char
CLASS_DECL	ClassDefinition
CLASS_TEMPLATE	Unknown
CLASS_TEMPLATE_PARTIAL_SPECIALIZATION	Unknown
COMPOUND_ASSIGN_OPERATOR	BinaryOperator
COMPOUND_LITERAL_EXPR	Unknown
COMPOUND_STMT	Unknown
CONDITIONAL_OPERATOR	Unknown
CONSTRUCTOR	Constructor
CONTINUE_STMT	Continue
CONVERSION_FUNCTION	Unknown
CXX_ACCESS_SPECIFIER	Unknown
CXX_BASE_SPECIFIER	Unknown
CXX_BOOL_LITERAL_EXPR	Unknown
CXX_CATCH_STMT	Catch
CXX_CONST_CAST_EXPR	Unknown
CXX_DELETE_EXPR	Unknown
CXX_DYNAMIC_CAST_EXPR	Unknown
CXX_FINAL_ATTR	Unknown
CXX_FOR_RANGE_STMT	For
CXX_FUNCTIONAL_CAST_EXPR	Unknown
CXX_METHOD	FunctionDefinition
CXX_NEW_EXPR	Unknown
CXX_NULL_PTR_LITERAL_EXPR	Unknown
CXX_OVERRIDE_ATTR	Unknown
CXX_REINTERPRET_CAST_EXPR	Unknown
CXX_STATIC_CAST_EXPR	Unknown
CXX_THIS_EXPR	Unknown
CXX_THROW_EXPR	Unknown
CXX_TRY_STMT	Try
CXX_TYPEID_EXPR	Unknown
C_STYLE_CAST_EXPR	Unknown
DECL_REF_EXPR	Unknown
DECL_STMT	Unknown
DEFAULT_STMT	Unknown
DESTRUCTOR	Unknown
DO_STMT	Do
ENUM_CONSTANT_DECL	Unknown
ENUM_DECL	Unknown
FIELD_DECL	Unknown
FIRST_ATTR	Unknown
FIRST_DECL	Unknown
FIRST_EXPR	Unknown
FIRST_INVALID	Unknown
FIRST_PREPROCESSING	Unknown
FIRST_REF	Unknown
FIRST_STMT	Unknown
FLOATING_LITERAL	Num
FOR_STMT	For
FUNCTION_DECL	FunctionDefinition
FUNCTION_TEMPLATE	Unknown
GENERIC_SELECTION_EXPR	Unknown
GNU_NULL_EXPR	Unknown
GOTO_STMT	Unknown
IBACTIONATTR	Unknown
IB_OUTLET_ATTR	Unknown
IB_OUTLET_COLLECTION_ATTR	Unknown
IF_STMT	If
IMAGINARY_LITERAL	Unknown
INCLUSION_DIRECTIVE	Unknown
INDIRECT_GOTO_STMT	Unknown
INIT_LIST_EXPR	Unknown
INTEGER_LITERAL	Num
INVALID_CODE	Unknown
INVALID_FILE	Unknown
LABEL_REF	Unknown
LABEL_STMT	Unknown
LAST_ATTR	Unknown
LAST_DECL	Unknown
LAST_EXPR	Unknown
LAST_INVALID	Unknown
LAST_PREPROCESSING	Unknown
LAST_REF	Unknown
LAST_STMT	Unknown
LINKAGESPEC	Unknown
MACRO_DEFINITION	Unknown
MACRO_EXPANSION	Unknown
MACRO_INSTANTIATION	Unknown
MEMBER_REF	Unknown
MEMBER_REF_EXPR	Unknown
NAMESPACE	Unknown
NAMESPACE_ALIAS	Unknown
NAMESPACE_REF	Unknown
NON_TYPE_TEMPLATE_PARAMETER	Unknown
NOT_IMPLEMENTED	Unknown
NO_DECL_FOUND	Unknown
NULL_STMT	Unknown
OBJC_AT_CATCH_STMT	Unknown
OBJC_AT_FINALLY_STMT	Unknown
OBJC_AT_SYNCHRONIZED_STMT	Unknown
OBJC_AT_THROW_STMT	Unknown
OBJC_AT_TRY_STMT	Unknown
OBJC_AUTORELEASE_POOL_STMT	Unknown
OBJC_BRIDGED_CAST_EXPR	Unknown
OBJC_CATEGORY_DECL	Unknown
OBJC_CATEGORY_IMPL_DECL	Unknown
OBJC_CLASS_METHOD_DECL	Unknown
OBJC_CLASS_REF	Unknown
OBJC_DYNAMIC_DECL	Unknown
OBJC_ENCODE_EXPR	Unknown
OBJC_FOR_COLLECTION_STMT	Unknown
OBJC_IMPLEMENTATION_DECL	Unknown
OBJC_INSTANCE_METHOD_DECL	Unknown
OBJC_INTERFACE_DECL	Unknown
OBJC_IVAR_DECL	Unknown
OBJC_MESSAGE_EXPR	Unknown
OBJC_PROPERTY_DECL	Unknown
OBJC_PROTOCOL_DECL	Unknown
OBJC_PROTOCOL_EXPR	Unknown
OBJC_PROTOCOL_REF	Unknown
OBJC_SELECTOR_EXPR	Unknown
OBJC_STRING_LITERAL	Unknown
OBJC_SUPER_CLASS_REF	Unknown
OBJC_SYNTHESIZE_DECL	Unknown
OVERLOADED_DECL_REF	Unknown
PACK_EXPANSION_EXPR	Unknown
PAREN_EXPR	Unknown
PARM_DECL	Unknown
PREPROCESSING_DIRECTIVE	Unknown
RETURN_STMT	Return
SEH_EXCEPT_STMT	Unknown
SEH_FINALLY_STMT	Unknown
SEH_TRY_STMT	Unknown
SIZE_OF_PACK_EXPR	Unknown
STMT_EXPR	Unknown
STRING_LITERAL	Str
STRUCT_DECL	Unknown
SWITCH_STMT	Switch
TEMPLATE_REF	Unknown
TEMPLATE_TEMPLATE_PARAMETER	Unknown
TEMPLATE_TYPE_PARAMETER	Unknown
TRANSLATION_UNIT	TranslationUnit
TYPEDEF_DECL	Unknown
TYPE_ALIAS_DECL	Unknown
TYPE_REF	Unknown
UNARY_EXPR	Unknown
UNARY_OPERATOR	UnaryOperator
UNEXPOSED_ATTR	Unknown
UNEXPOSED_DECL	Unknown
UNEXPOSED_EXPR	Unknown
UNEXPOSED_STMT	Unknown
UNION_DECL	Unknown
USING_DECLARATION	Unknown
USING_DIRECTIVE	Unknown
VAR_DECL	Unknown
WHILE_STMT	While
